id;label;description;theme;date_start;date_end;place;place_details;adress;note
1;"Mmkrlnv8";complètement;boum aux environs de autour de;2023-12-18;2023-12-17;à condition que;maigre alors tendre;blême cyan chef;toc
2;"Petol1";sans devant à l'encontre de;changer hystérique;2023-12-17;2023-12-18;vaste délectable hé;puis;vraiment séculaire étant donné que;quelque quitte à plutôt
3;"Kfkry1";simple;à l'entour de tic-tac que;2023-12-17;2023-12-17;essayer;sitôt que accompagner là-haut;en dedans de entre;enrichir suivant
4;"Nqjzi6";tant que;avaler pénétrer porte-parole;2023-12-18;2023-12-18;terriblement;en face de;quelquefois derrière;aux environs de
5;"Krtbph9";glouglou accomplir;comme ouch a;2023-12-18;2023-12-18;avant que;chef de cuisine sédentaire;avant collègue;habile
6;"Gyaypto2";fidèle au défaut de ouin;membre de l’équipe aussitôt que;2023-12-18;2023-12-18;miam;extatique antagoniste;auprès de;accentuer
7;"Abkun4";hi pff affable;terne a;2023-12-18;2023-12-18;débile;chef trop tranquille;avant valoir miaou;trop
8;"Jyoslib9";correspondre;vraiment à seule fin de;2023-12-18;2023-12-17;du côté de hirsute;vers fourbe;au-delà;quoique a vouh
9;"Zmt3";attacher au cas où effondrer;coordonner insolite certes;2023-12-18;2023-12-17;de façon à ce que apte;au point que sans que disposer;tic-tac incarner;brave
10;"Hdg0";rectangulaire;de sorte que;2023-12-18;2023-12-17;antagoniste actionnaire badaboum;jusque depuis de manière à ce que;extrêmement à condition que vite;partout d'entre
